도감 번호,포켓몬 이름,타입1,타입2,이미지 경로
1,이상해씨,풀,독,https://pokedex.data.pokemonkorea.co.kr/data/full/001_001.png
2,이상해풀,풀,독,https://pokedex.data.pokemonkorea.co.kr/data/full/002_002.png
3,이상해꽃,풀,독,https://pokedex.data.pokemonkorea.co.kr/data/full/003_003.png
3,메가이상해꽃,풀,독,https://pokedex.data.pokemonkorea.co.kr/data/full/004_003.png
4,파이리,불꽃,,https://pokedex.data.pokemonkorea.co.kr/data/full/005_004.png
5,리자드,불꽃,,https://pokedex.data.pokemonkorea.co.kr/data/full/006_005.png
6,리자몽,불꽃,비행,https://pokedex.data.pokemonkorea.co.kr/data/full/007_006_01.png
6,메가리자몽X,불꽃,드래곤,https://pokedex.data.pokemonkorea.co.kr/data/full/008_006_02.png
6,메가리자몽Y,불꽃,비행,https://pokedex.data.pokemonkorea.co.kr/data/full/009_006_03.png
7,꼬부기,물,,https://pokedex.data.pokemonkorea.co.kr/data/full/010_007.png
8,어니부기,물,,https://pokedex.data.pokemonkorea.co.kr/data/full/011_008.png
9,거북왕,물,,https://pokedex.data.pokemonkorea.co.kr/data/full/012_009_01.png
9,메가거북왕,물,,https://pokedex.data.pokemonkorea.co.kr/data/full/013_009_02.png
10,캐터피,벌레,,https://pokedex.data.pokemonkorea.co.kr/data/full/014_010.png
11,단데기,벌레,,https://pokedex.data.pokemonkorea.co.kr/data/full/015_011.png
12,버터플,벌레,비행,https://pokedex.data.pokemonkorea.co.kr/data/full/016_012.png
13,뿔충이,벌레,독,https://pokedex.data.pokemonkorea.co.kr/data/full/017_013.png
14,딱충이,벌레,독,https://pokedex.data.pokemonkorea.co.kr/data/full/018_014.png
15,독침붕,벌레,독,https://pokedex.data.pokemonkorea.co.kr/data/full/019_015_01.png
16,구구,노말,비행,https://pokedex.data.pokemonkorea.co.kr/data/full/020_016.png
17,피죤,노말,비행,https://pokedex.data.pokemonkorea.co.kr/data/full/021_017.png
18,피죤투,노말,비행,https://pokedex.data.pokemonkorea.co.kr/data/full/022_018_01.png
19,꼬렛,노말,,https://pokedex.data.pokemonkorea.co.kr/data/full/023_019.png
20,레트라,노말,,https://pokedex.data.pokemonkorea.co.kr/data/full/024_020.png
21,깨비참,노말,비행,https://pokedex.data.pokemonkorea.co.kr/data/full/025_021.png
22,깨비드릴조,노말,비행,https://pokedex.data.pokemonkorea.co.kr/data/full/026_022.png
23,아보,독,,https://pokedex.data.pokemonkorea.co.kr/data/full/027_023.png
24,아보크,독,,https://pokedex.data.pokemonkorea.co.kr/data/full/028_024.png
25,피카츄,전기,,https://pokedex.data.pokemonkorea.co.kr/data/full/029_025.png
26,라이츄,전기,,https://pokedex.data.pokemonkorea.co.kr/data/full/030_026.png
27,모래두지,땅,,https://pokedex.data.pokemonkorea.co.kr/data/full/031_027.png
28,고지,땅,,https://pokedex.data.pokemonkorea.co.kr/data/full/032_028.png
29,니드런♀,독,,https://pokedex.data.pokemonkorea.co.kr/data/full/033_029.png
30,니드리나,독,,https://pokedex.data.pokemonkorea.co.kr/data/full/034_030.png
31,니드퀸,독,땅,https://pokedex.data.pokemonkorea.co.kr/data/full/035_031.png
32,니드런♂,독,,https://pokedex.data.pokemonkorea.co.kr/data/full/036_032.png
33,니드리노,독,,https://pokedex.data.pokemonkorea.co.kr/data/full/037_033.png
34,니드킹,독,땅,https://pokedex.data.pokemonkorea.co.kr/data/full/038_034.png
35,삐삐,페어리,,https://pokedex.data.pokemonkorea.co.kr/data/full/039_035.png
36,픽시,페어리,,https://pokedex.data.pokemonkorea.co.kr/data/full/040_036.png
37,식스테일,불꽃,,https://pokedex.data.pokemonkorea.co.kr/data/full/041_037.png
38,나인테일,불꽃,,https://pokedex.data.pokemonkorea.co.kr/data/full/042_038.png
39,푸린,노말,페어리,https://pokedex.data.pokemonkorea.co.kr/data/full/043_039.png
40,푸크린,노말,페어리,https://pokedex.data.pokemonkorea.co.kr/data/full/044_040.png
41,주뱃,독,비행,https://pokedex.data.pokemonkorea.co.kr/data/full/045_041.png
42,골뱃,독,비행,https://pokedex.data.pokemonkorea.co.kr/data/full/046_042.png
43,뚜벅쵸,풀,독,https://pokedex.data.pokemonkorea.co.kr/data/full/047_043.png
44,냄새꼬,풀,독,https://pokedex.data.pokemonkorea.co.kr/data/full/048_044.png
45,라플레시아,풀,독,https://pokedex.data.pokemonkorea.co.kr/data/full/049_045.png
46,파라스,벌레,풀,https://pokedex.data.pokemonkorea.co.kr/data/full/050_046.png
47,파라섹트,벌레,풀,https://pokedex.data.pokemonkorea.co.kr/data/full/051_047.png
48,콘팡,벌레,독,https://pokedex.data.pokemonkorea.co.kr/data/full/052_048.png
49,도나리,벌레,독,https://pokedex.data.pokemonkorea.co.kr/data/full/053_049.png
50,디그다,땅,,https://pokedex.data.pokemonkorea.co.kr/data/full/054_050.png
51,닥트리오,땅,,https://pokedex.data.pokemonkorea.co.kr/data/full/055_051.png
52,나옹,노말,,https://pokedex.data.pokemonkorea.co.kr/data/full/056_052.png
53,페르시온,노말,,https://pokedex.data.pokemonkorea.co.kr/data/full/057_053.png
54,고라파덕,물,,https://pokedex.data.pokemonkorea.co.kr/data/full/058_054.png
55,골덕,물,,https://pokedex.data.pokemonkorea.co.kr/data/full/059_055.png
56,망키,격투,,https://pokedex.data.pokemonkorea.co.kr/data/full/060_056.png
57,성원숭,격투,,https://pokedex.data.pokemonkorea.co.kr/data/full/061_057.png
58,가디,불꽃,,https://pokedex.data.pokemonkorea.co.kr/data/full/062_058.png
59,윈디,불꽃,,https://pokedex.data.pokemonkorea.co.kr/data/full/063_059.png
60,발챙이,물,,https://pokedex.data.pokemonkorea.co.kr/data/full/064_060.png
61,슈륙챙이,물,,https://pokedex.data.pokemonkorea.co.kr/data/full/065_061.png
62,강챙이,물,격투,https://pokedex.data.pokemonkorea.co.kr/data/full/066_062.png
63,캐이시,에스퍼,,https://pokedex.data.pokemonkorea.co.kr/data/full/067_063.png
64,윤겔라,에스퍼,,https://pokedex.data.pokemonkorea.co.kr/data/full/068_064.png
65,후딘,에스퍼,,https://pokedex.data.pokemonkorea.co.kr/data/full/069_065_01.png
65,메가후딘,에스퍼,,https://pokedex.data.pokemonkorea.co.kr/data/full/070_065_02.png
66,알통몬,격투,,https://pokedex.data.pokemonkorea.co.kr/data/full/071_066.png
67,근육몬,격투,,https://pokedex.data.pokemonkorea.co.kr/data/full/072_067.png
68,괴력몬,격투,,https://pokedex.data.pokemonkorea.co.kr/data/full/073_068.png
69,모다피,풀,독,https://pokedex.data.pokemonkorea.co.kr/data/full/074_069.png
70,우츠동,풀,독,https://pokedex.data.pokemonkorea.co.kr/data/full/075_070.png
71,우츠보트,풀,독,https://pokedex.data.pokemonkorea.co.kr/data/full/076_071.png
72,왕눈해,물,독,https://pokedex.data.pokemonkorea.co.kr/data/full/077_072.png
73,독파리,물,독,https://pokedex.data.pokemonkorea.co.kr/data/full/078_073.png
74,꼬마돌,바위,땅,https://pokedex.data.pokemonkorea.co.kr/data/full/079_074.png
75,데구리,바위,땅,https://pokedex.data.pokemonkorea.co.kr/data/full/080_075.png
76,딱구리,바위,땅,https://pokedex.data.pokemonkorea.co.kr/data/full/081_076.png
77,포니타,불꽃,,https://pokedex.data.pokemonkorea.co.kr/data/full/082_077.png
78,날쌩마,불꽃,,https://pokedex.data.pokemonkorea.co.kr/data/full/083_078.png
79,야돈,물,에스퍼,https://pokedex.data.pokemonkorea.co.kr/data/full/084_079.png
80,야도란,물,에스퍼,https://pokedex.data.pokemonkorea.co.kr/data/full/085_080_01.png
81,코일,전기,강철,https://pokedex.data.pokemonkorea.co.kr/data/full/086_081.png
82,레어코일,전기,강철,https://pokedex.data.pokemonkorea.co.kr/data/full/087_082.png
83,파오리,노말,비행,https://pokedex.data.pokemonkorea.co.kr/data/full/088_083.png
84,두두,노말,비행,https://pokedex.data.pokemonkorea.co.kr/data/full/089_084.png
85,두트리오,노말,비행,https://pokedex.data.pokemonkorea.co.kr/data/full/090_085.png
86,쥬쥬,물,,https://pokedex.data.pokemonkorea.co.kr/data/full/091_086.png
87,쥬레곤,물,얼음,https://pokedex.data.pokemonkorea.co.kr/data/full/092_087.png
88,질퍽이,독,,https://pokedex.data.pokemonkorea.co.kr/data/full/093_088.png
89,질뻐기,독,,https://pokedex.data.pokemonkorea.co.kr/data/full/094_089.png
90,셀러,물,,https://pokedex.data.pokemonkorea.co.kr/data/full/095_090.png
91,파르셀,물,얼음,https://pokedex.data.pokemonkorea.co.kr/data/full/096_091.png
92,고오스,고스트,독,https://pokedex.data.pokemonkorea.co.kr/data/full/097_092.png
93,고우스트,고스트,독,https://pokedex.data.pokemonkorea.co.kr/data/full/098_093.png
94,팬텀,고스트,독,https://pokedex.data.pokemonkorea.co.kr/data/full/099_094_01.png
94,메가팬텀,고스트,독,https://pokedex.data.pokemonkorea.co.kr/data/full/100_094_02.png
95,롱스톤,바위,땅,https://pokedex.data.pokemonkorea.co.kr/data/full/101_095.png
96,슬리프,에스퍼,,https://pokedex.data.pokemonkorea.co.kr/data/full/102_096.png
97,슬리퍼,에스퍼,,https://pokedex.data.pokemonkorea.co.kr/data/full/103_097.png
98,크랩,물,,https://pokedex.data.pokemonkorea.co.kr/data/full/104_098.png
99,킹크랩,물,,https://pokedex.data.pokemonkorea.co.kr/data/full/105_099.png
100,찌리리공,전기,,https://pokedex.data.pokemonkorea.co.kr/data/full/106_100.png
101,붐볼,전기,,https://pokedex.data.pokemonkorea.co.kr/data/full/107_101.png
102,아라리,풀,에스퍼,https://pokedex.data.pokemonkorea.co.kr/data/full/108_102.png
103,나시,풀,에스퍼,https://pokedex.data.pokemonkorea.co.kr/data/full/109_103.png
104,탕구리,땅,,https://pokedex.data.pokemonkorea.co.kr/data/full/110_104.png
105,텅구리,땅,,https://pokedex.data.pokemonkorea.co.kr/data/full/111_105.png
106,시라소몬,격투,,https://pokedex.data.pokemonkorea.co.kr/data/full/112_106.png
107,홍수몬,격투,,https://pokedex.data.pokemonkorea.co.kr/data/full/113_107.png
108,내루미,노말,,https://pokedex.data.pokemonkorea.co.kr/data/full/114_108.png
109,또가스,독,,https://pokedex.data.pokemonkorea.co.kr/data/full/115_109.png
110,또도가스,독,,https://pokedex.data.pokemonkorea.co.kr/data/full/116_110.png
111,뿔카노,땅,바위,https://pokedex.data.pokemonkorea.co.kr/data/full/117_111.png
112,코뿌리,땅,바위,https://pokedex.data.pokemonkorea.co.kr/data/full/118_112.png
113,럭키,노말,,https://pokedex.data.pokemonkorea.co.kr/data/full/119_113.png
114,덩쿠리,풀,,https://pokedex.data.pokemonkorea.co.kr/data/full/120_114.png
115,캥카,노말,,https://pokedex.data.pokemonkorea.co.kr/data/full/121_115_01.png
115,메가캥카,노말,,https://pokedex.data.pokemonkorea.co.kr/data/full/122_115_02.png
116,쏘드라,물,,https://pokedex.data.pokemonkorea.co.kr/data/full/123_116.png
117,시드라,물,,https://pokedex.data.pokemonkorea.co.kr/data/full/124_117.png
118,콘치,물,,https://pokedex.data.pokemonkorea.co.kr/data/full/125_118.png
119,왕콘치,물,,https://pokedex.data.pokemonkorea.co.kr/data/full/126_119.png
120,별가사리,물,,https://pokedex.data.pokemonkorea.co.kr/data/full/127_120.png
121,아쿠스타,물,에스퍼,https://pokedex.data.pokemonkorea.co.kr/data/full/128_121.png
122,마임맨,에스퍼,페어리,https://pokedex.data.pokemonkorea.co.kr/data/full/129_122.png
123,스라크,벌레,비행,https://pokedex.data.pokemonkorea.co.kr/data/full/130_123.png
124,루주라,얼음,에스퍼,https://pokedex.data.pokemonkorea.co.kr/data/full/131_124.png
125,에레브,전기,,https://pokedex.data.pokemonkorea.co.kr/data/full/132_125.png
126,마그마,불꽃,,https://pokedex.data.pokemonkorea.co.kr/data/full/133_126.png
127,쁘사이저,벌레,,https://pokedex.data.pokemonkorea.co.kr/data/full/134_127_01.png
127,메가쁘사이저,벌레,비행,https://pokedex.data.pokemonkorea.co.kr/data/full/135_127_02.png
128,켄타로스,노말,,https://pokedex.data.pokemonkorea.co.kr/data/full/136_128.png
129,잉어킹,물,,https://pokedex.data.pokemonkorea.co.kr/data/full/137_129.png
130,갸라도스,물,비행,https://pokedex.data.pokemonkorea.co.kr/data/full/138_130_01.png
130,메가갸라도스,물,악,https://pokedex.data.pokemonkorea.co.kr/data/full/139_130_02.png
131,라프라스,물,얼음,https://pokedex.data.pokemonkorea.co.kr/data/full/140_131.png
132,메타몽,노말,,https://pokedex.data.pokemonkorea.co.kr/data/full/141_132.png
133,이브이,노말,,https://pokedex.data.pokemonkorea.co.kr/data/full/142_133.png
134,샤미드,물,,https://pokedex.data.pokemonkorea.co.kr/data/full/143_134.png
135,쥬피썬더,전기,,https://pokedex.data.pokemonkorea.co.kr/data/full/144_135.png
136,부스터,불꽃,,https://pokedex.data.pokemonkorea.co.kr/data/full/145_136.png
137,폴리곤,노말,,https://pokedex.data.pokemonkorea.co.kr/data/full/146_137.png
138,암나이트,바위,물,https://pokedex.data.pokemonkorea.co.kr/data/full/147_138.png
139,암스타,바위,물,https://pokedex.data.pokemonkorea.co.kr/data/full/148_139.png
140,투구,바위,물,https://pokedex.data.pokemonkorea.co.kr/data/full/149_140.png
141,투구푸스,바위,물,https://pokedex.data.pokemonkorea.co.kr/data/full/150_141.png
142,프테라,바위,비행,https://pokedex.data.pokemonkorea.co.kr/data/full/151_142_01.png
142,메가프테라,바위,비행,https://pokedex.data.pokemonkorea.co.kr/data/full/152_142_02.png
143,잠만보,노말,,https://pokedex.data.pokemonkorea.co.kr/data/full/153_143.png
144,프리져,얼음,비행,https://pokedex.data.pokemonkorea.co.kr/data/full/154_144.png
145,썬더,전기,비행,https://pokedex.data.pokemonkorea.co.kr/data/full/155_145.png
146,파이어,불꽃,비행,https://pokedex.data.pokemonkorea.co.kr/data/full/156_146.png
147,미뇽,드래곤,,https://pokedex.data.pokemonkorea.co.kr/data/full/157_147.png
148,신뇽,드래곤,,https://pokedex.data.pokemonkorea.co.kr/data/full/158_148.png
149,망나뇽,드래곤,비행,https://pokedex.data.pokemonkorea.co.kr/data/full/159_149.png
150,뮤츠,에스퍼,,https://pokedex.data.pokemonkorea.co.kr/data/full/160_150_01.png
150,메가뮤츠X,에스퍼,격투,https://pokedex.data.pokemonkorea.co.kr/data/full/161_150_02.png
150,메가뮤츠Y,에스퍼,,https://pokedex.data.pokemonkorea.co.kr/data/full/162_150_03.png
151,뮤,에스퍼,,https://pokedex.data.pokemonkorea.co.kr/data/full/163_151.png
152,치코리타,풀,,https://pokedex.data.pokemonkorea.co.kr/data/full/164_152.png
153,베이리프,풀,,https://pokedex.data.pokemonkorea.co.kr/data/full/165_153.png
154,메가니움,풀,,https://pokedex.data.pokemonkorea.co.kr/data/full/166_154.png
155,브케인,불꽃,,https://pokedex.data.pokemonkorea.co.kr/data/full/167_155.png
156,마그케인,불꽃,,https://pokedex.data.pokemonkorea.co.kr/data/full/168_156.png
157,블레이범,불꽃,,https://pokedex.data.pokemonkorea.co.kr/data/full/169_157.png
158,리아코,물,,https://pokedex.data.pokemonkorea.co.kr/data/full/170_158.png
159,엘리게이,물,,https://pokedex.data.pokemonkorea.co.kr/data/full/171_159.png
160,장크로다일,물,,https://pokedex.data.pokemonkorea.co.kr/data/full/172_160.png
161,꼬리선,노말,,https://pokedex.data.pokemonkorea.co.kr/data/full/173_161.png
162,다꼬리,노말,,https://pokedex.data.pokemonkorea.co.kr/data/full/174_162.png
163,부우부,노말,비행,https://pokedex.data.pokemonkorea.co.kr/data/full/175_163.png
164,야부엉,노말,비행,https://pokedex.data.pokemonkorea.co.kr/data/full/176_164.png
165,레디바,벌레,비행,https://pokedex.data.pokemonkorea.co.kr/data/full/177_165.png
166,레디안,벌레,비행,https://pokedex.data.pokemonkorea.co.kr/data/full/178_166.png
167,페이검,벌레,독,https://pokedex.data.pokemonkorea.co.kr/data/full/179_167.png
168,아리아도스,벌레,독,https://pokedex.data.pokemonkorea.co.kr/data/full/180_168.png
169,크로뱃,독,비행,https://pokedex.data.pokemonkorea.co.kr/data/full/181_169.png
170,초라기,물,전기,https://pokedex.data.pokemonkorea.co.kr/data/full/182_170.png
171,랜턴,물,전기,https://pokedex.data.pokemonkorea.co.kr/data/full/183_171.png
172,피츄,전기,,https://pokedex.data.pokemonkorea.co.kr/data/full/184_172.png
173,삐,페어리,,https://pokedex.data.pokemonkorea.co.kr/data/full/185_173.png
174,푸푸린,노말,페어리,https://pokedex.data.pokemonkorea.co.kr/data/full/186_174.png
175,토게피,페어리,,https://pokedex.data.pokemonkorea.co.kr/data/full/187_175.png
176,토게틱,페어리,비행,https://pokedex.data.pokemonkorea.co.kr/data/full/188_176.png
177,네이티,에스퍼,비행,https://pokedex.data.pokemonkorea.co.kr/data/full/189_177.png
178,네이티오,에스퍼,비행,https://pokedex.data.pokemonkorea.co.kr/data/full/190_178.png
179,메리프,전기,,https://pokedex.data.pokemonkorea.co.kr/data/full/191_179.png
180,보송송,전기,,https://pokedex.data.pokemonkorea.co.kr/data/full/192_180.png
181,전룡,전기,,https://pokedex.data.pokemonkorea.co.kr/data/full/193_181_01.png
181,메가전룡,전기,드래곤,https://pokedex.data.pokemonkorea.co.kr/data/full/194_181_02.png
182,아르코,풀,,https://pokedex.data.pokemonkorea.co.kr/data/full/195_182.png
183,마릴,물,페어리,https://pokedex.data.pokemonkorea.co.kr/data/full/196_183.png
184,마릴리,물,페어리,https://pokedex.data.pokemonkorea.co.kr/data/full/197_184.png
185,꼬지모,바위,,https://pokedex.data.pokemonkorea.co.kr/data/full/198_185.png
186,왕구리,물,,https://pokedex.data.pokemonkorea.co.kr/data/full/199_186.png
187,통통코,풀,비행,https://pokedex.data.pokemonkorea.co.kr/data/full/200_187.png
188,두코,풀,비행,https://pokedex.data.pokemonkorea.co.kr/data/full/201_188.png
189,솜솜코,풀,비행,https://pokedex.data.pokemonkorea.co.kr/data/full/202_189.png
190,에이팜,노말,,https://pokedex.data.pokemonkorea.co.kr/data/full/203_190.png
191,해너츠,풀,,https://pokedex.data.pokemonkorea.co.kr/data/full/204_191.png
192,해루미,풀,,https://pokedex.data.pokemonkorea.co.kr/data/full/205_192.png
193,왕자리,벌레,비행,https://pokedex.data.pokemonkorea.co.kr/data/full/206_193_01.png
194,우파,물,땅,https://pokedex.data.pokemonkorea.co.kr/data/full/207_194.png
195,누오,물,땅,https://pokedex.data.pokemonkorea.co.kr/data/full/208_195.png
196,에브이,에스퍼,,https://pokedex.data.pokemonkorea.co.kr/data/full/209_196.png
197,블래키,악,,https://pokedex.data.pokemonkorea.co.kr/data/full/210_197.png
198,니로우,악,비행,https://pokedex.data.pokemonkorea.co.kr/data/full/211_198.png
199,야도킹,물,에스퍼,https://pokedex.data.pokemonkorea.co.kr/data/full/212_199.png
200,무우마,고스트,,https://pokedex.data.pokemonkorea.co.kr/data/full/213_200.png
201,안농,에스퍼,,https://pokedex.data.pokemonkorea.co.kr/data/full/214_201.png
202,마자용,에스퍼,,https://pokedex.data.pokemonkorea.co.kr/data/full/242_202.png
203,키링키,노말,에스퍼,https://pokedex.data.pokemonkorea.co.kr/data/full/243_203.png
204,피콘,벌레,,https://pokedex.data.pokemonkorea.co.kr/data/full/244_204.png
205,쏘콘,벌레,강철,https://pokedex.data.pokemonkorea.co.kr/data/full/245_205.png
206,노고치,노말,,https://pokedex.data.pokemonkorea.co.kr/data/full/246_206.png
207,글라이거,땅,비행,https://pokedex.data.pokemonkorea.co.kr/data/full/247_207.png
208,강철톤,강철,땅,https://pokedex.data.pokemonkorea.co.kr/data/full/248_208_01.png
209,블루,페어리,,https://pokedex.data.pokemonkorea.co.kr/data/full/249_209.png
210,그랑블루,페어리,,https://pokedex.data.pokemonkorea.co.kr/data/full/250_210.png
211,침바루,물,독,https://pokedex.data.pokemonkorea.co.kr/data/full/251_211.png
212,핫삼,벌레,강철,https://pokedex.data.pokemonkorea.co.kr/data/full/252_212_01.png
212,메가핫삼,벌레,강철,https://pokedex.data.pokemonkorea.co.kr/data/full/253_212_02.png
213,단단지,벌레,바위,https://pokedex.data.pokemonkorea.co.kr/data/full/254_213.png
214,헤라크로스,벌레,격투,https://pokedex.data.pokemonkorea.co.kr/data/full/255_214_01.png
214,메가헤라크로스,벌레,격투,https://pokedex.data.pokemonkorea.co.kr/data/full/256_214_02.png
215,포푸니,악,얼음,https://pokedex.data.pokemonkorea.co.kr/data/full/257_215.png
216,깜지곰,노말,,https://pokedex.data.pokemonkorea.co.kr/data/full/258_216.png
217,링곰,노말,,https://pokedex.data.pokemonkorea.co.kr/data/full/259_217.png
218,마그마그,불꽃,,https://pokedex.data.pokemonkorea.co.kr/data/full/260_218.png
219,마그카르고,불꽃,바위,https://pokedex.data.pokemonkorea.co.kr/data/full/261_219.png
220,꾸꾸리,얼음,땅,https://pokedex.data.pokemonkorea.co.kr/data/full/262_220.png
221,메꾸리,얼음,땅,https://pokedex.data.pokemonkorea.co.kr/data/full/263_221.png
222,코산호,물,바위,https://pokedex.data.pokemonkorea.co.kr/data/full/264_222.png
223,총어,물,,https://pokedex.data.pokemonkorea.co.kr/data/full/265_223.png
224,대포무노,물,,https://pokedex.data.pokemonkorea.co.kr/data/full/266_224.png
225,딜리버드,얼음,비행,https://pokedex.data.pokemonkorea.co.kr/data/full/267_225.png
226,만타인,물,비행,https://pokedex.data.pokemonkorea.co.kr/data/full/268_226.png
227,무장조,강철,비행,https://pokedex.data.pokemonkorea.co.kr/data/full/269_227.png
228,델빌,악,불꽃,https://pokedex.data.pokemonkorea.co.kr/data/full/270_228.png
229,헬가,악,불꽃,https://pokedex.data.pokemonkorea.co.kr/data/full/271_229_01.png
229,메가헬가,악,불꽃,https://pokedex.data.pokemonkorea.co.kr/data/full/272_229_02.png
230,킹드라,물,드래곤,https://pokedex.data.pokemonkorea.co.kr/data/full/273_230.png
231,코코리,땅,,https://pokedex.data.pokemonkorea.co.kr/data/full/274_231.png
232,코리갑,땅,,https://pokedex.data.pokemonkorea.co.kr/data/full/275_232.png
233,폴리곤2,노말,,https://pokedex.data.pokemonkorea.co.kr/data/full/276_233.png
234,노라키,노말,,https://pokedex.data.pokemonkorea.co.kr/data/full/277_234.png
235,루브도,노말,,https://pokedex.data.pokemonkorea.co.kr/data/full/278_235.png
236,배루키,격투,,https://pokedex.data.pokemonkorea.co.kr/data/full/279_236.png
237,카포에라,격투,,https://pokedex.data.pokemonkorea.co.kr/data/full/280_237.png
238,뽀뽀라,얼음,에스퍼,https://pokedex.data.pokemonkorea.co.kr/data/full/281_238.png
239,에레키드,전기,,https://pokedex.data.pokemonkorea.co.kr/data/full/282_239.png
240,마그비,불꽃,,https://pokedex.data.pokemonkorea.co.kr/data/full/283_240.png
241,밀탱크,노말,,https://pokedex.data.pokemonkorea.co.kr/data/full/284_241.png
242,해피너스,노말,,https://pokedex.data.pokemonkorea.co.kr/data/full/285_242.png
243,라이코,전기,,https://pokedex.data.pokemonkorea.co.kr/data/full/286_243.png
244,앤테이,불꽃,,https://pokedex.data.pokemonkorea.co.kr/data/full/287_244.png
245,스이쿤,물,,https://pokedex.data.pokemonkorea.co.kr/data/full/288_245.png
246,애버라스,바위,땅,https://pokedex.data.pokemonkorea.co.kr/data/full/289_246.png
247,데기라스,바위,땅,https://pokedex.data.pokemonkorea.co.kr/data/full/290_247.png
248,마기라스,바위,악,https://pokedex.data.pokemonkorea.co.kr/data/full/291_248_01.png
248,메가마기라스,바위,악,https://pokedex.data.pokemonkorea.co.kr/data/full/292_248_02.png
249,루기아,에스퍼,비행,https://pokedex.data.pokemonkorea.co.kr/data/full/293_249.png
250,칠색조,불꽃,비행,https://pokedex.data.pokemonkorea.co.kr/data/full/294_250.png
251,세레비,에스퍼,풀,https://pokedex.data.pokemonkorea.co.kr/data/full/295_251.png
252,나무지기,풀,,https://pokedex.data.pokemonkorea.co.kr/data/full/296_252.png
253,나무돌이,풀,,https://pokedex.data.pokemonkorea.co.kr/data/full/297_253.png
254,나무킹,풀,,https://pokedex.data.pokemonkorea.co.kr/data/full/298_254.png
255,아차모,불꽃,,https://pokedex.data.pokemonkorea.co.kr/data/full/299_255.png
256,영치코,불꽃,격투,https://pokedex.data.pokemonkorea.co.kr/data/full/300_256.png
257,번치코,불꽃,격투,https://pokedex.data.pokemonkorea.co.kr/data/full/301_257_01.png
257,메가번치코,불꽃,격투,https://pokedex.data.pokemonkorea.co.kr/data/full/302_257_02.png
258,물짱이,물,,https://pokedex.data.pokemonkorea.co.kr/data/full/303_258.png
259,늪짱이,물,땅,https://pokedex.data.pokemonkorea.co.kr/data/full/304_259.png
260,대짱이,물,땅,https://pokedex.data.pokemonkorea.co.kr/data/full/305_260_01.png
261,포챠나,악,,https://pokedex.data.pokemonkorea.co.kr/data/full/306_261.png
262,그라에나,악,,https://pokedex.data.pokemonkorea.co.kr/data/full/307_262.png
263,지그제구리,노말,,https://pokedex.data.pokemonkorea.co.kr/data/full/308_263.png
264,직구리,노말,,https://pokedex.data.pokemonkorea.co.kr/data/full/309_264.png
265,개무소,벌레,,https://pokedex.data.pokemonkorea.co.kr/data/full/310_265.png
266,실쿤,벌레,,https://pokedex.data.pokemonkorea.co.kr/data/full/311_266.png
267,뷰티플라이,벌레,비행,https://pokedex.data.pokemonkorea.co.kr/data/full/312_267.png
268,카스쿤,벌레,,https://pokedex.data.pokemonkorea.co.kr/data/full/313_268.png
269,독케일,벌레,독,https://pokedex.data.pokemonkorea.co.kr/data/full/314_269.png
270,연꽃몬,물,풀,https://pokedex.data.pokemonkorea.co.kr/data/full/315_270.png
271,로토스,물,풀,https://pokedex.data.pokemonkorea.co.kr/data/full/316_271.png
272,로파파,물,풀,https://pokedex.data.pokemonkorea.co.kr/data/full/317_272.png
273,도토링,풀,,https://pokedex.data.pokemonkorea.co.kr/data/full/318_273.png
274,잎새코,풀,악,https://pokedex.data.pokemonkorea.co.kr/data/full/319_274.png
275,다탱구,풀,악,https://pokedex.data.pokemonkorea.co.kr/data/full/320_275.png
276,테일로,노말,비행,https://pokedex.data.pokemonkorea.co.kr/data/full/321_276.png
277,스왈로,노말,비행,https://pokedex.data.pokemonkorea.co.kr/data/full/322_277.png
278,갈모매,물,비행,https://pokedex.data.pokemonkorea.co.kr/data/full/323_278.png
279,패리퍼,물,비행,https://pokedex.data.pokemonkorea.co.kr/data/full/324_279.png
280,랄토스,에스퍼,페어리,https://pokedex.data.pokemonkorea.co.kr/data/full/325_280.png
281,킬리아,에스퍼,페어리,https://pokedex.data.pokemonkorea.co.kr/data/full/326_281.png
282,가디안,에스퍼,페어리,https://pokedex.data.pokemonkorea.co.kr/data/full/327_282_01.png
282,메가가디안,에스퍼,페어리,https://pokedex.data.pokemonkorea.co.kr/data/full/328_282_02.png
283,비구술,벌레,물,https://pokedex.data.pokemonkorea.co.kr/data/full/329_283.png
284,비나방,벌레,비행,https://pokedex.data.pokemonkorea.co.kr/data/full/330_284.png
285,버섯꼬,풀,,https://pokedex.data.pokemonkorea.co.kr/data/full/331_285.png
286,버섯모,풀,격투,https://pokedex.data.pokemonkorea.co.kr/data/full/332_286.png
287,게을로,노말,,https://pokedex.data.pokemonkorea.co.kr/data/full/333_287.png
288,발바로,노말,,https://pokedex.data.pokemonkorea.co.kr/data/full/334_288.png
289,게을킹,노말,,https://pokedex.data.pokemonkorea.co.kr/data/full/335_289.png
290,토중몬,벌레,땅,https://pokedex.data.pokemonkorea.co.kr/data/full/336_290.png
291,아이스크,벌레,비행,https://pokedex.data.pokemonkorea.co.kr/data/full/337_291.png
292,껍질몬,벌레,고스트,https://pokedex.data.pokemonkorea.co.kr/data/full/338_292.png
293,소곤룡,노말,,https://pokedex.data.pokemonkorea.co.kr/data/full/339_293.png
294,노공룡,노말,,https://pokedex.data.pokemonkorea.co.kr/data/full/340_294.png
295,폭음룡,노말,,https://pokedex.data.pokemonkorea.co.kr/data/full/341_295.png
296,마크탕,격투,,https://pokedex.data.pokemonkorea.co.kr/data/full/342_296.png
297,하리뭉,격투,,https://pokedex.data.pokemonkorea.co.kr/data/full/343_297.png
298,루리리,노말,페어리,https://pokedex.data.pokemonkorea.co.kr/data/full/344_298.png
299,코코파스,바위,,https://pokedex.data.pokemonkorea.co.kr/data/full/345_299.png
300,에나비,노말,,https://pokedex.data.pokemonkorea.co.kr/data/full/346_300.png
301,델케티,노말,,https://pokedex.data.pokemonkorea.co.kr/data/full/347_301.png
302,깜까미,악,고스트,https://pokedex.data.pokemonkorea.co.kr/data/full/348_302_01.png
303,입치트,강철,페어리,https://pokedex.data.pokemonkorea.co.kr/data/full/349_303_01.png
303,메가입치트,강철,페어리,https://pokedex.data.pokemonkorea.co.kr/data/full/350_303_02.png
304,가보리,강철,바위,https://pokedex.data.pokemonkorea.co.kr/data/full/351_304.png
305,갱도라,강철,바위,https://pokedex.data.pokemonkorea.co.kr/data/full/352_305.png
306,보스로라,강철,바위,https://pokedex.data.pokemonkorea.co.kr/data/full/353_306_01.png
306,메가보스로라,강철,,https://pokedex.data.pokemonkorea.co.kr/data/full/354_306_02.png
307,요가랑,격투,에스퍼,https://pokedex.data.pokemonkorea.co.kr/data/full/355_307.png
308,요가램,격투,에스퍼,https://pokedex.data.pokemonkorea.co.kr/data/full/356_308_01.png
308,메가요가램,격투,에스퍼,https://pokedex.data.pokemonkorea.co.kr/data/full/357_308_02.png
309,썬더라이,전기,,https://pokedex.data.pokemonkorea.co.kr/data/full/358_309.png
310,썬더볼트,전기,,https://pokedex.data.pokemonkorea.co.kr/data/full/359_310_01.png
310,메가썬더볼트,전기,,https://pokedex.data.pokemonkorea.co.kr/data/full/360_310_02.png
311,플러시,전기,,https://pokedex.data.pokemonkorea.co.kr/data/full/361_311.png
312,마이농,전기,,https://pokedex.data.pokemonkorea.co.kr/data/full/362_312.png
313,볼비트,벌레,,https://pokedex.data.pokemonkorea.co.kr/data/full/363_313.png
314,네오비트,벌레,,https://pokedex.data.pokemonkorea.co.kr/data/full/364_314.png
315,로젤리아,풀,독,https://pokedex.data.pokemonkorea.co.kr/data/full/365_315.png
316,꼴깍몬,독,,https://pokedex.data.pokemonkorea.co.kr/data/full/366_316.png
317,꿀꺽몬,독,,https://pokedex.data.pokemonkorea.co.kr/data/full/367_317.png
318,샤프니아,물,악,https://pokedex.data.pokemonkorea.co.kr/data/full/368_318.png
319,샤크니아,물,악,https://pokedex.data.pokemonkorea.co.kr/data/full/369_319_01.png
320,고래왕자,물,,https://pokedex.data.pokemonkorea.co.kr/data/full/370_320.png
321,고래왕,물,,https://pokedex.data.pokemonkorea.co.kr/data/full/371_321.png
322,둔타,불꽃,땅,https://pokedex.data.pokemonkorea.co.kr/data/full/372_322.png
323,폭타,불꽃,땅,https://pokedex.data.pokemonkorea.co.kr/data/full/373_323_01.png
324,코터스,불꽃,,https://pokedex.data.pokemonkorea.co.kr/data/full/374_324.png
325,피그점프,에스퍼,,https://pokedex.data.pokemonkorea.co.kr/data/full/375_325.png
326,피그킹,에스퍼,,https://pokedex.data.pokemonkorea.co.kr/data/full/376_326.png
327,얼루기,노말,,https://pokedex.data.pokemonkorea.co.kr/data/full/377_327.png
328,톱치,땅,,https://pokedex.data.pokemonkorea.co.kr/data/full/378_328.png
329,비브라바,땅,드래곤,https://pokedex.data.pokemonkorea.co.kr/data/full/379_329.png
330,플라이곤,땅,드래곤,https://pokedex.data.pokemonkorea.co.kr/data/full/380_330.png
331,선인왕,풀,,https://pokedex.data.pokemonkorea.co.kr/data/full/381_331.png
332,밤선인,풀,악,https://pokedex.data.pokemonkorea.co.kr/data/full/382_332.png
333,파비코,노말,비행,https://pokedex.data.pokemonkorea.co.kr/data/full/383_333.png
334,파비코리,드래곤,비행,https://pokedex.data.pokemonkorea.co.kr/data/full/384_334.png
335,쟝고,노말,,https://pokedex.data.pokemonkorea.co.kr/data/full/385_335.png
336,세비퍼,독,,https://pokedex.data.pokemonkorea.co.kr/data/full/386_336.png
337,루나톤,바위,에스퍼,https://pokedex.data.pokemonkorea.co.kr/data/full/387_337.png
338,솔록,바위,에스퍼,https://pokedex.data.pokemonkorea.co.kr/data/full/388_338.png
339,미꾸리,물,땅,https://pokedex.data.pokemonkorea.co.kr/data/full/389_339.png
340,메깅,물,땅,https://pokedex.data.pokemonkorea.co.kr/data/full/390_340.png
341,가재군,물,,https://pokedex.data.pokemonkorea.co.kr/data/full/391_341.png
342,가재장군,물,악,https://pokedex.data.pokemonkorea.co.kr/data/full/392_342.png
343,오뚝군,땅,에스퍼,https://pokedex.data.pokemonkorea.co.kr/data/full/393_343.png
344,점토도리,땅,에스퍼,https://pokedex.data.pokemonkorea.co.kr/data/full/394_344.png
345,릴링,바위,풀,https://pokedex.data.pokemonkorea.co.kr/data/full/395_ 345.png
346,릴리요,바위,풀,https://pokedex.data.pokemonkorea.co.kr/data/full/396_346.png
347,아노딥스,바위,벌레,https://pokedex.data.pokemonkorea.co.kr/data/full/397_347.png
348,아말도,바위,벌레,https://pokedex.data.pokemonkorea.co.kr/data/full/398_348.png
349,빈티나,물,,https://pokedex.data.pokemonkorea.co.kr/data/full/399_349.png
350,밀로틱,물,,https://pokedex.data.pokemonkorea.co.kr/data/full/400_350.png
351,캐스퐁,노말,,https://pokedex.data.pokemonkorea.co.kr/data/full/401_351.png
352,켈리몬,노말,,https://pokedex.data.pokemonkorea.co.kr/data/full/405_352.png
353,어둠대신,고스트,,https://pokedex.data.pokemonkorea.co.kr/data/full/406_353.png
354,다크펫,고스트,,https://pokedex.data.pokemonkorea.co.kr/data/full/407_354_01.png
354,메가다크펫,고스트,,https://pokedex.data.pokemonkorea.co.kr/data/full/408_354_02.png
355,해골몽,고스트,,https://pokedex.data.pokemonkorea.co.kr/data/full/409_355.png
356,미라몽,고스트,,https://pokedex.data.pokemonkorea.co.kr/data/full/410_356.png
357,트로피우스,풀,비행,https://pokedex.data.pokemonkorea.co.kr/data/full/411_357.png
358,치렁,에스퍼,,https://pokedex.data.pokemonkorea.co.kr/data/full/412_358.png
359,앱솔,악,,https://pokedex.data.pokemonkorea.co.kr/data/full/413_359_01.png
359,메가앱솔,악,,https://pokedex.data.pokemonkorea.co.kr/data/full/414_359_02.png
360,마자,에스퍼,,https://pokedex.data.pokemonkorea.co.kr/data/full/415_360.png
361,눈꼬마,얼음,,https://pokedex.data.pokemonkorea.co.kr/data/full/416_361.png
362,얼음귀신,얼음,,https://pokedex.data.pokemonkorea.co.kr/data/full/417_362.png
363,대굴레오,얼음,물,https://pokedex.data.pokemonkorea.co.kr/data/full/418_363.png
364,씨레오,얼음,물,https://pokedex.data.pokemonkorea.co.kr/data/full/419_364.png
365,씨카이저,얼음,물,https://pokedex.data.pokemonkorea.co.kr/data/full/420_365.png
366,진주몽,물,,https://pokedex.data.pokemonkorea.co.kr/data/full/421_366.png
367,헌테일,물,,https://pokedex.data.pokemonkorea.co.kr/data/full/422_367.png
368,분홍장이,물,,https://pokedex.data.pokemonkorea.co.kr/data/full/423_368.png
369,시라칸,물,바위,https://pokedex.data.pokemonkorea.co.kr/data/full/424_369.png
370,사랑동이,물,,https://pokedex.data.pokemonkorea.co.kr/data/full/425_370.png
371,아공이,드래곤,,https://pokedex.data.pokemonkorea.co.kr/data/full/426_371.png
372,쉘곤,드래곤,,https://pokedex.data.pokemonkorea.co.kr/data/full/427_372.png
373,보만다,드래곤,비행,https://pokedex.data.pokemonkorea.co.kr/data/full/428_373.png
374,메탕,강철,에스퍼,https://pokedex.data.pokemonkorea.co.kr/data/full/429_374.png
375,메탕구,강철,에스퍼,https://pokedex.data.pokemonkorea.co.kr/data/full/430_375.png
376,메타그로스,강철,에스퍼,https://pokedex.data.pokemonkorea.co.kr/data/full/431_376.png
377,레지락,바위,,https://pokedex.data.pokemonkorea.co.kr/data/full/432_377.png
378,레지아이스,얼음,,https://pokedex.data.pokemonkorea.co.kr/data/full/433_378.png
379,레지스틸,강철,,https://pokedex.data.pokemonkorea.co.kr/data/full/434_379.png
380,라티아스,드래곤,에스퍼,https://pokedex.data.pokemonkorea.co.kr/data/full/435_380_01.png
380,메가라티아스,드래곤,에스퍼,https://pokedex.data.pokemonkorea.co.kr/data/full/436_380_02.png
381,라티오스,드래곤,에스퍼,https://pokedex.data.pokemonkorea.co.kr/data/full/437_381_01.png
381,메가라티오스,드래곤,에스퍼,https://pokedex.data.pokemonkorea.co.kr/data/full/438_381_02.png
382,가이오가,물,,https://pokedex.data.pokemonkorea.co.kr/data/full/439_382_01.png
383,그란돈,땅,,https://pokedex.data.pokemonkorea.co.kr/data/full/440_383.png
384,레쿠쟈,드래곤,비행,https://pokedex.data.pokemonkorea.co.kr/data/full/441_384.png
385,지라치,강철,에스퍼,https://pokedex.data.pokemonkorea.co.kr/data/full/442_385.png
387,모부기,풀,,https://pokedex.data.pokemonkorea.co.kr/data/full/447_387.png
388,수풀부기,풀,,https://pokedex.data.pokemonkorea.co.kr/data/full/448_388.png
389,토대부기,풀,땅,https://pokedex.data.pokemonkorea.co.kr/data/full/449_389.png
390,불꽃숭이,불꽃,,https://pokedex.data.pokemonkorea.co.kr/data/full/450_390.png
391,파이숭이,불꽃,격투,https://pokedex.data.pokemonkorea.co.kr/data/full/451_391.png
392,초염몽,불꽃,격투,https://pokedex.data.pokemonkorea.co.kr/data/full/452_392.png
393,팽도리,물,,https://pokedex.data.pokemonkorea.co.kr/data/full/453_393.png
394,팽태자,물,,https://pokedex.data.pokemonkorea.co.kr/data/full/454_394.png
395,엠페르트,물,강철,https://pokedex.data.pokemonkorea.co.kr/data/full/455_395.png
396,찌르꼬,노말,비행,https://pokedex.data.pokemonkorea.co.kr/data/full/456_396.png
397,찌르버드,노말,비행,https://pokedex.data.pokemonkorea.co.kr/data/full/457_397.png
398,찌르호크,노말,비행,https://pokedex.data.pokemonkorea.co.kr/data/full/458_398.png
399,비버니,노말,,https://pokedex.data.pokemonkorea.co.kr/data/full/459_399.png
400,비버통,노말,물,https://pokedex.data.pokemonkorea.co.kr/data/full/460_400.png
401,귀뚤뚜기,벌레,,https://pokedex.data.pokemonkorea.co.kr/data/full/461_401.png
402,귀뚤톡크,벌레,,https://pokedex.data.pokemonkorea.co.kr/data/full/462_402.png
403,꼬링크,전기,,https://pokedex.data.pokemonkorea.co.kr/data/full/463_403.png
404,럭시오,전기,,https://pokedex.data.pokemonkorea.co.kr/data/full/464_404.png
405,렌트라,전기,,https://pokedex.data.pokemonkorea.co.kr/data/full/465_405.png
406,꼬몽울,풀,독,https://pokedex.data.pokemonkorea.co.kr/data/full/466_406.png
407,로즈레이드,풀,독,https://pokedex.data.pokemonkorea.co.kr/data/full/467_407.png
408,두개도스,바위,,https://pokedex.data.pokemonkorea.co.kr/data/full/468_408.png
409,램펄드,바위,,https://pokedex.data.pokemonkorea.co.kr/data/full/469_409.png
410,방패톱스,바위,강철,https://pokedex.data.pokemonkorea.co.kr/data/full/470_410.png
411,바리톱스,바위,강철,https://pokedex.data.pokemonkorea.co.kr/data/full/471_411.png
414,나메일,벌레,비행,https://pokedex.data.pokemonkorea.co.kr/data/full/478_414.png
415,세꿀버리,벌레,비행,https://pokedex.data.pokemonkorea.co.kr/data/full/479_415.png
416,비퀸,벌레,비행,https://pokedex.data.pokemonkorea.co.kr/data/full/480_416.png
417,파치리스,전기,,https://pokedex.data.pokemonkorea.co.kr/data/full/481_417.png
418,브이젤,물,,https://pokedex.data.pokemonkorea.co.kr/data/full/482_418.png
419,플로젤,물,,https://pokedex.data.pokemonkorea.co.kr/data/full/482_419.png
420,체리버,풀,,https://pokedex.data.pokemonkorea.co.kr/data/full/484_420.png
424,겟핸보숭,노말,,https://pokedex.data.pokemonkorea.co.kr/data/full/491_424.png
425,흔들풍손,고스트,비행,https://pokedex.data.pokemonkorea.co.kr/data/full/492_425.png
426,둥실라이드,고스트,비행,https://pokedex.data.pokemonkorea.co.kr/data/full/493_426.png
427,이어롤,노말,,https://pokedex.data.pokemonkorea.co.kr/data/full/494_427.png
428,이어롭,노말,,https://pokedex.data.pokemonkorea.co.kr/data/full/495_428_01.png
429,무우마직,고스트,,https://pokedex.data.pokemonkorea.co.kr/data/full/496_429.png
430,돈크로우,악,비행,https://pokedex.data.pokemonkorea.co.kr/data/full/497_430.png
431,나옹마,노말,,https://pokedex.data.pokemonkorea.co.kr/data/full/498_431.png
432,몬냥이,노말,,https://pokedex.data.pokemonkorea.co.kr/data/full/499_432.png
433,랑딸랑,에스퍼,,https://pokedex.data.pokemonkorea.co.kr/data/full/500_433.png
